[
    {
      "id": 1,
      "title": "Sony 1",
      "price": 29.99,
      "image": "headphone1.jpg",
      "discount": 10,
      "rate": 5
    },
    {
      "id": 2,
      "title": "Sony 2",
      "price": 49.99,
      "image": "headphone2.jpg",
      "rate": 1
    },
    {
      "id": 3,
      "title": "Sony 3",
      "price": 19.99,
      "image": "headphone3.jpg",
      "rate": 0
    },
    {
      "id": 4,
      "title": "Sony 4",
      "price": 99.99,
      "image": "headphone4.jpg",
      "discount": 25,
      "rate": 4
    },
    {
      "id": 5,
      "title": "Sony 5",
      "price": 39.99,
      "image": "headphone5.jpg",
      "discount": 20,
      "rate": 1
    },
    {
      "id": 6,
      "title": "Sony 6",
      "price": 79.99,
      "image": "headphone6.jpg",
      "discount": 10,
      "rate": 2
    },
    {
      "id": 7,
      "title": "Sony 7",
      "price": 89.99,
      "image": "headphone7.jpg",
      "rate": 5
    },
    {
      "id": 8,
      "title": "Sony 8",
      "price": 59.99,
      "image": "headphone8.jpg",
      "discount": 10,
      "rate": 3
    },
    {
      "id": 9,
      "title": "Sony 9",
      "price": 69.99,
      "image": "headphone9.jpg",
      "discount": 30,
      "rate": 4
    },
    {
      "id": 10,
      "title": "Sony 10",
      "price": 109.99,
      "image": "headphone10.jpg",
      "discount": 20,
      "rate": 4
    }
  ]